Wall time,Step,Value
1583512751.8023612,2000,0.6678213477134705
