Wall time,Step,Value
1583504066.033765,2000,0.625347375869751
