Wall time,Step,Value
1583568500.7647524,2000,0.7395983934402466
