Wall time,Step,Value
1583939366.9718637,2000,0.5753509998321533
