Wall time,Step,Value
1583509616.7407389,2000,0.08085241168737411
