Wall time,Step,Value
1583570072.1881692,2000,0.8599700331687927
