Wall time,Step,Value
1583514315.3666575,2000,0.6848130226135254
