Wall time,Step,Value
1583515865.6265965,2000,0.7739848494529724
