Wall time,Step,Value
1583760816.6936133,2000,0.7903285026550293
