Wall time,Step,Value
1583505364.1533675,2000,0.21439193189144135
