Wall time,Step,Value
1583511178.914214,2000,0.3496967554092407
