Wall time,Step,Value
1583571666.5573003,2000,0.33816519379615784
