Wall time,Step,Value
1583508046.7001233,2000,0.5503287315368652
